Product code,Station number,Year,Month,Monthly Precipitation Total (millimetres),Quality
IDCJAC0001,094029,1882,01,31.8,Y
IDCJAC0001,094029,1882,02,32.3,Y
IDCJAC0001,094029,1882,03,15.2,Y
IDCJAC0001,094029,1882,04,22.9,Y
IDCJAC0001,094029,1882,05,150.1,Y
IDCJAC0001,094029,1882,06,61.5,Y
IDCJAC0001,094029,1882,07,54.4,Y
IDCJAC0001,094029,1882,08,122.4,Y
IDCJAC0001,094029,1882,09,74.4,Y
IDCJAC0001,094029,1882,10,96.3,Y
IDCJAC0001,094029,1882,11,52.1,Y
IDCJAC0001,094029,1882,12,66.3,Y
IDCJAC0001,094029,1883,01,91.4,Y
IDCJAC0001,094029,1883,02,52.8,Y
IDCJAC0001,094029,1883,03,91.9,Y
IDCJAC0001,094029,1883,04,12.2,Y
IDCJAC0001,094029,1883,05,43.2,Y
IDCJAC0001,094029,1883,06,40.9,Y
IDCJAC0001,094029,1883,07,31.2,Y
IDCJAC0001,094029,1883,08,46.2,Y
IDCJAC0001,094029,1883,09,50.5,Y
IDCJAC0001,094029,1883,10,67.3,Y
IDCJAC0001,094029,1883,11,58.4,Y
IDCJAC0001,094029,1883,12,24.6,Y
IDCJAC0001,094029,1884,01,88.9,Y
IDCJAC0001,094029,1884,02,27.2,Y
IDCJAC0001,094029,1884,03,9.1,Y
IDCJAC0001,094029,1884,04,7.4,Y
IDCJAC0001,094029,1884,05,44.7,Y
IDCJAC0001,094029,1884,06,35.6,Y
IDCJAC0001,094029,1884,07,17.3,Y
IDCJAC0001,094029,1884,08,86.4,Y
IDCJAC0001,094029,1884,09,67.8,Y
IDCJAC0001,094029,1884,10,35.6,Y
IDCJAC0001,094029,1884,11,27.7,Y
IDCJAC0001,094029,1884,12,99.8,Y
IDCJAC0001,094029,1885,01,61.0,Y
IDCJAC0001,094029,1885,02,50.0,Y
IDCJAC0001,094029,1885,03,89.2,Y
IDCJAC0001,094029,1885,04,19.8,Y
IDCJAC0001,094029,1885,05,22.6,Y
IDCJAC0001,094029,1885,06,44.7,Y
IDCJAC0001,094029,1885,07,23.6,Y
IDCJAC0001,094029,1885,08,34.0,Y
IDCJAC0001,094029,1885,09,104.6,Y
IDCJAC0001,094029,1885,10,36.3,Y
IDCJAC0001,094029,1885,11,187.7,Y
IDCJAC0001,094029,1885,12,45.0,Y
IDCJAC0001,094029,1886,01,70.1,Y
IDCJAC0001,094029,1886,02,58.9,Y
IDCJAC0001,094029,1886,03,34.8,Y
IDCJAC0001,094029,1886,04,60.7,Y
IDCJAC0001,094029,1886,05,52.3,Y
IDCJAC0001,094029,1886,06,7.1,Y
IDCJAC0001,094029,1886,07,21.6,Y
IDCJAC0001,094029,1886,08,64.3,Y
IDCJAC0001,094029,1886,09,36.6,Y
IDCJAC0001,094029,1886,10,44.7,Y
IDCJAC0001,094029,1886,11,73.2,Y
IDCJAC0001,094029,1886,12,19.1,Y
IDCJAC0001,094029,1887,01,87.1,Y
IDCJAC0001,094029,1887,02,19.8,Y
IDCJAC0001,094029,1887,03,65.3,Y
IDCJAC0001,094029,1887,04,19.6,Y
IDCJAC0001,094029,1887,05,45.2,Y
IDCJAC0001,094029,1887,06,58.7,Y
IDCJAC0001,094029,1887,07,92.7,Y
IDCJAC0001,094029,1887,08,14.7,Y
IDCJAC0001,094029,1887,09,79.5,Y
IDCJAC0001,094029,1887,10,47.0,Y
IDCJAC0001,094029,1887,11,46.5,Y
IDCJAC0001,094029,1887,12,38.9,Y
IDCJAC0001,094029,1888,01,33.5,Y
IDCJAC0001,094029,1888,02,5.1,Y
IDCJAC0001,094029,1888,03,26.2,Y
IDCJAC0001,094029,1888,04,16.0,Y
IDCJAC0001,094029,1888,05,31.8,Y
IDCJAC0001,094029,1888,06,77.5,Y
IDCJAC0001,094029,1888,07,42.2,Y
IDCJAC0001,094029,1888,08,44.5,Y
IDCJAC0001,094029,1888,09,58.2,Y
IDCJAC0001,094029,1888,10,40.4,Y
IDCJAC0001,094029,1888,11,56.6,Y
IDCJAC0001,094029,1888,12,36.8,Y
IDCJAC0001,094029,1889,01,59.9,Y
IDCJAC0001,094029,1889,02,39.9,Y
IDCJAC0001,094029,1889,03,18.3,Y
IDCJAC0001,094029,1889,04,70.6,Y
IDCJAC0001,094029,1889,05,24.4,Y
IDCJAC0001,094029,1889,06,207.0,Y
IDCJAC0001,094029,1889,07,50.5,Y
IDCJAC0001,094029,1889,08,24.4,Y
IDCJAC0001,094029,1889,09,28.7,Y
IDCJAC0001,094029,1889,10,65.5,Y
IDCJAC0001,094029,1889,11,104.4,Y
IDCJAC0001,094029,1889,12,88.6,Y
IDCJAC0001,094029,1890,01,18.8,Y
IDCJAC0001,094029,1890,02,61.7,Y
IDCJAC0001,094029,1890,03,65.0,Y
IDCJAC0001,094029,1890,04,38.6,Y
IDCJAC0001,094029,1890,05,27.7,Y
IDCJAC0001,094029,1890,06,136.4,Y
IDCJAC0001,094029,1890,07,67.8,Y
IDCJAC0001,094029,1890,08,91.2,Y
IDCJAC0001,094029,1890,09,37.6,Y
IDCJAC0001,094029,1890,10,66.8,Y
IDCJAC0001,094029,1890,11,48.8,Y
IDCJAC0001,094029,1890,12,38.4,Y
IDCJAC0001,094029,1891,01,89.7,Y
IDCJAC0001,094029,1891,02,19.1,Y
IDCJAC0001,094029,1891,03,24.4,Y
IDCJAC0001,094029,1891,04,32.5,Y
IDCJAC0001,094029,1891,05,51.8,Y
IDCJAC0001,094029,1891,06,36.1,Y
IDCJAC0001,094029,1891,07,66.3,Y
IDCJAC0001,094029,1891,08,37.6,Y
IDCJAC0001,094029,1891,09,10.2,Y
IDCJAC0001,094029,1891,10,71.1,Y
IDCJAC0001,094029,1891,11,49.3,Y
IDCJAC0001,094029,1891,12,102.6,Y
IDCJAC0001,094029,1892,01,39.9,Y
IDCJAC0001,094029,1892,02,6.4,Y
IDCJAC0001,094029,1892,03,34.5,Y
IDCJAC0001,094029,1892,04,55.6,Y
IDCJAC0001,094029,1892,05,85.3,Y
IDCJAC0001,094029,1892,06,47.5,Y
IDCJAC0001,094029,1892,07,52.1,Y
IDCJAC0001,094029,1892,08,7.6,Y
IDCJAC0001,094029,1892,09,38.9,Y
IDCJAC0001,094029,1892,10,29.7,Y
IDCJAC0001,094029,1892,11,38.1,Y
IDCJAC0001,094029,1892,12,37.3,Y
IDCJAC0001,094029,1893,01,150.1,Y
IDCJAC0001,094029,1893,02,5.1,Y
IDCJAC0001,094029,1893,03,21.8,Y
IDCJAC0001,094029,1893,04,81.3,Y
IDCJAC0001,094029,1893,05,89.7,Y
IDCJAC0001,094029,1893,06,74.3,Y
IDCJAC0001,094029,1893,07,110.4,Y
IDCJAC0001,094029,1893,08,39.5,Y
IDCJAC0001,094029,1893,09,41.2,Y
IDCJAC0001,094029,1893,10,24.1,Y
IDCJAC0001,094029,1893,11,35.5,Y
IDCJAC0001,094029,1893,12,67.6,Y
IDCJAC0001,094029,1894,01,57.4,Y
IDCJAC0001,094029,1894,02,15.8,Y
IDCJAC0001,094029,1894,03,40.7,Y
IDCJAC0001,094029,1894,04,47.6,Y
IDCJAC0001,094029,1894,05,68.4,Y
IDCJAC0001,094029,1894,06,34.4,Y
IDCJAC0001,094029,1894,07,98.2,Y
IDCJAC0001,094029,1894,08,120.0,Y
IDCJAC0001,094029,1894,09,27.7,Y
IDCJAC0001,094029,1894,10,51.7,Y
IDCJAC0001,094029,1894,11,61.5,Y
IDCJAC0001,094029,1894,12,73.2,Y
IDCJAC0001,094029,1895,01,8.9,Y
IDCJAC0001,094029,1895,02,15.6,Y
IDCJAC0001,094029,1895,03,72.6,Y
IDCJAC0001,094029,1895,04,46.9,Y
IDCJAC0001,094029,1895,05,21.5,Y
IDCJAC0001,094029,1895,06,36.8,Y
IDCJAC0001,094029,1895,07,68.0,Y
IDCJAC0001,094029,1895,08,57.6,Y
IDCJAC0001,094029,1895,09,112.4,Y
IDCJAC0001,094029,1895,10,88.1,Y
IDCJAC0001,094029,1895,11,37.2,Y
IDCJAC0001,094029,1895,12,83.0,Y
IDCJAC0001,094029,1896,01,36.4,Y
IDCJAC0001,094029,1896,02,40.8,Y
IDCJAC0001,094029,1896,03,20.4,Y
IDCJAC0001,094029,1896,04,34.2,Y
IDCJAC0001,094029,1896,05,39.0,Y
IDCJAC0001,094029,1896,06,170.9,Y
IDCJAC0001,094029,1896,07,33.6,Y
IDCJAC0001,094029,1896,08,82.8,Y
IDCJAC0001,094029,1896,09,16.1,Y
IDCJAC0001,094029,1896,10,49.1,Y
IDCJAC0001,094029,1896,11,17.6,Y
IDCJAC0001,094029,1896,12,10.2,Y
IDCJAC0001,094029,1897,01,53.3,Y
IDCJAC0001,094029,1897,02,59.2,Y
IDCJAC0001,094029,1897,03,25.8,Y
IDCJAC0001,094029,1897,04,23.6,Y
IDCJAC0001,094029,1897,05,66.7,Y
IDCJAC0001,094029,1897,06,21.5,Y
IDCJAC0001,094029,1897,07,51.5,Y
IDCJAC0001,094029,1897,08,32.5,Y
IDCJAC0001,094029,1897,09,38.6,Y
IDCJAC0001,094029,1897,10,63.0,Y
IDCJAC0001,094029,1897,11,80.3,Y
IDCJAC0001,094029,1897,12,5.4,Y
IDCJAC0001,094029,1898,01,24.3,Y
IDCJAC0001,094029,1898,02,4.6,Y
IDCJAC0001,094029,1898,03,38.5,Y
IDCJAC0001,094029,1898,04,42.7,Y
IDCJAC0001,094029,1898,05,43.0,Y
IDCJAC0001,094029,1898,06,36.6,Y
IDCJAC0001,094029,1898,07,70.7,Y
IDCJAC0001,094029,1898,08,28.6,Y
IDCJAC0001,094029,1898,09,49.4,Y
IDCJAC0001,094029,1898,10,84.8,Y
IDCJAC0001,094029,1898,11,69.6,Y
IDCJAC0001,094029,1898,12,18.9,Y
IDCJAC0001,094029,1899,01,72.0,Y
IDCJAC0001,094029,1899,02,8.5,Y
IDCJAC0001,094029,1899,03,54.4,Y
IDCJAC0001,094029,1899,04,49.9,Y
IDCJAC0001,094029,1899,05,35.5,Y
IDCJAC0001,094029,1899,06,83.3,Y
IDCJAC0001,094029,1899,07,29.3,Y
IDCJAC0001,094029,1899,08,22.9,Y
IDCJAC0001,094029,1899,09,47.1,Y
IDCJAC0001,094029,1899,10,32.7,Y
IDCJAC0001,094029,1899,11,67.2,Y
IDCJAC0001,094029,1899,12,24.1,Y
IDCJAC0001,094029,1900,01,40.3,Y
IDCJAC0001,094029,1900,02,12.8,Y
IDCJAC0001,094029,1900,03,12.9,Y
IDCJAC0001,094029,1900,04,76.9,Y
IDCJAC0001,094029,1900,05,25.3,Y
IDCJAC0001,094029,1900,06,30.9,Y
IDCJAC0001,094029,1900,07,71.8,Y
IDCJAC0001,094029,1900,08,44.5,Y
IDCJAC0001,094029,1900,09,18.8,Y
IDCJAC0001,094029,1900,10,68.5,Y
IDCJAC0001,094029,1900,11,12.4,Y
IDCJAC0001,094029,1900,12,71.9,Y
IDCJAC0001,094029,1901,01,111.0,Y
IDCJAC0001,094029,1901,02,19.4,Y
IDCJAC0001,094029,1901,03,79.5,Y
IDCJAC0001,094029,1901,04,110.2,Y
IDCJAC0001,094029,1901,05,25.0,Y
IDCJAC0001,094029,1901,06,50.6,Y
IDCJAC0001,094029,1901,07,16.2,Y
IDCJAC0001,094029,1901,08,36.3,Y
IDCJAC0001,094029,1901,09,74.8,Y
IDCJAC0001,094029,1901,10,53.9,Y
IDCJAC0001,094029,1901,11,12.6,Y
IDCJAC0001,094029,1901,12,13.3,Y
IDCJAC0001,094029,1902,01,67.7,Y
IDCJAC0001,094029,1902,02,76.5,Y
IDCJAC0001,094029,1902,03,26.6,Y
IDCJAC0001,094029,1902,04,39.3,Y
IDCJAC0001,094029,1902,05,17.9,Y
IDCJAC0001,094029,1902,06,56.7,Y
IDCJAC0001,094029,1902,07,13.2,Y
IDCJAC0001,094029,1902,08,21.8,Y
IDCJAC0001,094029,1902,09,94.8,Y
IDCJAC0001,094029,1902,10,26.5,Y
IDCJAC0001,094029,1902,11,37.8,Y
IDCJAC0001,094029,1902,12,77.5,Y
IDCJAC0001,094029,1903,01,20.4,Y
IDCJAC0001,094029,1903,02,69.0,Y
IDCJAC0001,094029,1903,03,46.3,Y
IDCJAC0001,094029,1903,04,52.4,Y
IDCJAC0001,094029,1903,05,67.1,Y
IDCJAC0001,094029,1903,06,97.7,Y
IDCJAC0001,094029,1903,07,85.8,Y
IDCJAC0001,094029,1903,08,20.6,Y
IDCJAC0001,094029,1903,09,39.1,Y
IDCJAC0001,094029,1903,10,58.7,Y
IDCJAC0001,094029,1903,11,63.4,Y
IDCJAC0001,094029,1903,12,37.5,Y
IDCJAC0001,094029,1904,01,50.4,Y
IDCJAC0001,094029,1904,02,93.6,Y
IDCJAC0001,094029,1904,03,86.2,Y
IDCJAC0001,094029,1904,04,1.8,Y
IDCJAC0001,094029,1904,05,47.7,Y
IDCJAC0001,094029,1904,06,72.2,Y
IDCJAC0001,094029,1904,07,30.7,Y
IDCJAC0001,094029,1904,08,60.4,Y
IDCJAC0001,094029,1904,09,37.7,Y
IDCJAC0001,094029,1904,10,17.8,Y
IDCJAC0001,094029,1904,11,61.8,Y
IDCJAC0001,094029,1904,12,8.8,Y
IDCJAC0001,094029,1905,01,140.3,Y
IDCJAC0001,094029,1905,02,77.3,Y
IDCJAC0001,094029,1905,03,32.3,Y
IDCJAC0001,094029,1905,04,69.2,Y
IDCJAC0001,094029,1905,05,161.8,Y
IDCJAC0001,094029,1905,06,23.6,Y
IDCJAC0001,094029,1905,07,69.9,Y
IDCJAC0001,094029,1905,08,13.1,Y
IDCJAC0001,094029,1905,09,69.0,Y
IDCJAC0001,094029,1905,10,95.4,Y
IDCJAC0001,094029,1905,11,22.5,Y
IDCJAC0001,094029,1905,12,41.9,Y
IDCJAC0001,094029,1906,01,12.2,Y
IDCJAC0001,094029,1906,02,16.9,Y
IDCJAC0001,094029,1906,03,36.6,Y
IDCJAC0001,094029,1906,04,51.5,Y
IDCJAC0001,094029,1906,05,28.7,Y
IDCJAC0001,094029,1906,06,41.4,Y
IDCJAC0001,094029,1906,07,71.2,Y
IDCJAC0001,094029,1906,08,37.5,Y
IDCJAC0001,094029,1906,09,28.2,Y
IDCJAC0001,094029,1906,10,173.0,Y
IDCJAC0001,094029,1906,11,65.4,Y
IDCJAC0001,094029,1906,12,32.4,Y
IDCJAC0001,094029,1907,01,68.4,Y
IDCJAC0001,094029,1907,02,51.0,Y
IDCJAC0001,094029,1907,03,36.3,Y
IDCJAC0001,094029,1907,04,25.8,Y
IDCJAC0001,094029,1907,05,32.2,Y
IDCJAC0001,094029,1907,06,18.9,Y
IDCJAC0001,094029,1907,07,46.9,Y
IDCJAC0001,094029,1907,08,34.3,Y
IDCJAC0001,094029,1907,09,96.2,Y
IDCJAC0001,094029,1907,10,90.7,Y
IDCJAC0001,094029,1907,11,27.9,Y
IDCJAC0001,094029,1907,12,131.8,Y
IDCJAC0001,094029,1908,01,25.2,Y
IDCJAC0001,094029,1908,02,14.2,Y
IDCJAC0001,094029,1908,03,44.4,Y
IDCJAC0001,094029,1908,04,22.3,Y
IDCJAC0001,094029,1908,05,16.5,Y
IDCJAC0001,094029,1908,06,58.4,Y
IDCJAC0001,094029,1908,07,29.1,Y
IDCJAC0001,094029,1908,08,18.5,Y
IDCJAC0001,094029,1908,09,51.5,Y
IDCJAC0001,094029,1908,10,102.7,Y
IDCJAC0001,094029,1908,11,26.7,Y
IDCJAC0001,094029,1908,12,11.3,Y
IDCJAC0001,094029,1909,01,62.0,Y
IDCJAC0001,094029,1909,02,30.6,Y
IDCJAC0001,094029,1909,03,40.6,Y
IDCJAC0001,094029,1909,04,165.1,Y
IDCJAC0001,094029,1909,05,49.8,Y
IDCJAC0001,094029,1909,06,112.0,Y
IDCJAC0001,094029,1909,07,31.2,Y
IDCJAC0001,094029,1909,08,54.5,Y
IDCJAC0001,094029,1909,09,25.7,Y
IDCJAC0001,094029,1909,10,32.8,Y
IDCJAC0001,094029,1909,11,42.7,Y
IDCJAC0001,094029,1909,12,47.4,Y
IDCJAC0001,094029,1910,01,59.5,Y
IDCJAC0001,094029,1910,02,9.5,Y
IDCJAC0001,094029,1910,03,22.5,Y
IDCJAC0001,094029,1910,04,51.0,Y
IDCJAC0001,094029,1910,05,40.9,Y
IDCJAC0001,094029,1910,06,91.0,Y
IDCJAC0001,094029,1910,07,52.0,Y
IDCJAC0001,094029,1910,08,42.8,Y
IDCJAC0001,094029,1910,09,102.4,Y
IDCJAC0001,094029,1910,10,57.5,Y
IDCJAC0001,094029,1910,11,40.2,Y
IDCJAC0001,094029,1910,12,74.1,Y
IDCJAC0001,094029,1911,01,11.2,Y
IDCJAC0001,094029,1911,02,57.9,Y
IDCJAC0001,094029,1911,03,137.7,Y
IDCJAC0001,094029,1911,04,63.7,Y
IDCJAC0001,094029,1911,05,104.2,Y
IDCJAC0001,094029,1911,06,48.2,Y
IDCJAC0001,094029,1911,07,25.4,Y
IDCJAC0001,094029,1911,08,33.2,Y
IDCJAC0001,094029,1911,09,30.8,Y
IDCJAC0001,094029,1911,10,62.3,Y
IDCJAC0001,094029,1911,11,31.3,Y
IDCJAC0001,094029,1911,12,77.6,Y
IDCJAC0001,094029,1912,01,28.4,Y
IDCJAC0001,094029,1912,02,7.4,Y
IDCJAC0001,094029,1912,03,56.8,Y
IDCJAC0001,094029,1912,04,40.8,Y
IDCJAC0001,094029,1912,05,28.4,Y
IDCJAC0001,094029,1912,06,71.9,Y
IDCJAC0001,094029,1912,07,38.9,Y
IDCJAC0001,094029,1912,08,32.1,Y
IDCJAC0001,094029,1912,09,97.4,Y
IDCJAC0001,094029,1912,10,84.3,Y
IDCJAC0001,094029,1912,11,51.6,Y
IDCJAC0001,094029,1912,12,52.8,Y
IDCJAC0001,094029,1913,01,35.2,Y
IDCJAC0001,094029,1913,02,8.0,Y
IDCJAC0001,094029,1913,03,48.5,Y
IDCJAC0001,094029,1913,04,54.6,Y
IDCJAC0001,094029,1913,05,3.9,Y
IDCJAC0001,094029,1913,06,32.1,Y
IDCJAC0001,094029,1913,07,38.3,Y
IDCJAC0001,094029,1913,08,36.8,Y
IDCJAC0001,094029,1913,09,48.9,Y
IDCJAC0001,094029,1913,10,49.4,Y
IDCJAC0001,094029,1913,11,93.2,Y
IDCJAC0001,094029,1913,12,44.7,Y
IDCJAC0001,094029,1914,01,6.4,Y
IDCJAC0001,094029,1914,02,3.0,Y
IDCJAC0001,094029,1914,03,31.9,Y
IDCJAC0001,094029,1914,04,77.7,Y
IDCJAC0001,094029,1914,05,24.8,Y
IDCJAC0001,094029,1914,06,8.6,Y
IDCJAC0001,094029,1914,07,65.9,Y
IDCJAC0001,094029,1914,08,29.7,Y
IDCJAC0001,094029,1914,09,25.6,Y
IDCJAC0001,094029,1914,10,10.0,Y
IDCJAC0001,094029,1914,11,42.4,Y
IDCJAC0001,094029,1914,12,68.4,Y
IDCJAC0001,094029,1915,01,4.6,Y
IDCJAC0001,094029,1915,02,55.7,Y
IDCJAC0001,094029,1915,03,61.8,Y
IDCJAC0001,094029,1915,04,61.1,Y
IDCJAC0001,094029,1915,05,60.1,Y
IDCJAC0001,094029,1915,06,40.2,Y
IDCJAC0001,094029,1915,07,16.3,Y
IDCJAC0001,094029,1915,08,34.1,Y
IDCJAC0001,094029,1915,09,32.5,Y
IDCJAC0001,094029,1915,10,97.3,Y
IDCJAC0001,094029,1915,11,64.9,Y
IDCJAC0001,094029,1915,12,5.4,Y
IDCJAC0001,094029,1916,01,132.6,Y
IDCJAC0001,094029,1916,02,51.7,Y
IDCJAC0001,094029,1916,03,10.0,Y
IDCJAC0001,094029,1916,04,111.3,Y
IDCJAC0001,094029,1916,05,31.4,Y
IDCJAC0001,094029,1916,06,65.4,Y
IDCJAC0001,094029,1916,07,115.4,Y
IDCJAC0001,094029,1916,08,74.7,Y
IDCJAC0001,094029,1916,09,73.3,Y
IDCJAC0001,094029,1916,10,62.5,Y
IDCJAC0001,094029,1916,11,179.6,Y
IDCJAC0001,094029,1916,12,196.3,Y
IDCJAC0001,094029,1917,01,42.8,Y
IDCJAC0001,094029,1917,02,52.8,Y
IDCJAC0001,094029,1917,03,52.4,Y
IDCJAC0001,094029,1917,04,106.2,Y
IDCJAC0001,094029,1917,05,58.8,Y
IDCJAC0001,094029,1917,06,85.7,Y
IDCJAC0001,094029,1917,07,69.9,Y
IDCJAC0001,094029,1917,08,58.7,Y
IDCJAC0001,094029,1917,09,95.8,Y
IDCJAC0001,094029,1917,10,70.7,Y
IDCJAC0001,094029,1917,11,63.7,Y
IDCJAC0001,094029,1917,12,22.8,Y
IDCJAC0001,094029,1918,01,25.3,Y
IDCJAC0001,094029,1918,02,45.8,Y
IDCJAC0001,094029,1918,03,35.3,Y
IDCJAC0001,094029,1918,04,51.0,Y
IDCJAC0001,094029,1918,05,61.5,Y
IDCJAC0001,094029,1918,06,50.7,Y
IDCJAC0001,094029,1918,07,81.9,Y
IDCJAC0001,094029,1918,08,90.0,Y
IDCJAC0001,094029,1918,09,66.2,Y
IDCJAC0001,094029,1918,10,79.8,Y
IDCJAC0001,094029,1918,11,31.3,Y
IDCJAC0001,094029,1918,12,46.1,Y
IDCJAC0001,094029,1919,01,52.2,Y
IDCJAC0001,094029,1919,02,38.4,Y
IDCJAC0001,094029,1919,03,149.1,Y
IDCJAC0001,094029,1919,04,28.1,Y
IDCJAC0001,094029,1919,05,19.8,Y
IDCJAC0001,094029,1919,06,83.7,Y
IDCJAC0001,094029,1919,07,56.6,Y
IDCJAC0001,094029,1919,08,30.8,Y
IDCJAC0001,094029,1919,09,30.4,Y
IDCJAC0001,094029,1919,10,46.6,Y
IDCJAC0001,094029,1919,11,8.9,Y
IDCJAC0001,094029,1919,12,29.9,Y
IDCJAC0001,094029,1920,01,25.6,Y
IDCJAC0001,094029,1920,02,6.5,Y
IDCJAC0001,094029,1920,03,45.5,Y
IDCJAC0001,094029,1920,04,26.9,Y
IDCJAC0001,094029,1920,05,55.3,Y
IDCJAC0001,094029,1920,06,61.6,Y
IDCJAC0001,094029,1920,07,20.1,Y
IDCJAC0001,094029,1920,08,29.1,Y
IDCJAC0001,094029,1920,09,45.9,Y
IDCJAC0001,094029,1920,10,22.6,Y
IDCJAC0001,094029,1920,11,43.2,Y
IDCJAC0001,094029,1920,12,78.7,Y
IDCJAC0001,094029,1921,01,55.4,Y
IDCJAC0001,094029,1921,02,27.6,Y
IDCJAC0001,094029,1921,03,19.6,Y
IDCJAC0001,094029,1921,04,36.5,Y
IDCJAC0001,094029,1921,05,31.5,Y
IDCJAC0001,094029,1921,06,39.9,Y
IDCJAC0001,094029,1921,07,113.8,Y
IDCJAC0001,094029,1921,08,64.5,Y
IDCJAC0001,094029,1921,09,24.3,Y
IDCJAC0001,094029,1921,10,24.0,Y
IDCJAC0001,094029,1921,11,8.6,Y
IDCJAC0001,094029,1921,12,14.9,Y
IDCJAC0001,094029,1922,01,66.6,Y
IDCJAC0001,094029,1922,02,64.9,Y
IDCJAC0001,094029,1922,03,16.8,Y
IDCJAC0001,094029,1922,04,51.3,Y
IDCJAC0001,094029,1922,05,16.1,Y
IDCJAC0001,094029,1922,06,47.5,Y
IDCJAC0001,094029,1922,07,153.4,Y
IDCJAC0001,094029,1922,08,52.7,Y
IDCJAC0001,094029,1922,09,18.4,Y
IDCJAC0001,094029,1922,10,79.7,Y
IDCJAC0001,094029,1922,11,21.3,Y
IDCJAC0001,094029,1922,12,133.5,Y
IDCJAC0001,094029,1923,01,56.8,Y
IDCJAC0001,094029,1923,02,18.6,Y
IDCJAC0001,094029,1923,03,81.4,Y
IDCJAC0001,094029,1923,04,3.6,Y
IDCJAC0001,094029,1923,05,115.7,Y
IDCJAC0001,094029,1923,06,89.6,Y
IDCJAC0001,094029,1923,07,34.7,Y
IDCJAC0001,094029,1923,08,41.1,Y
IDCJAC0001,094029,1923,09,78.7,Y
IDCJAC0001,094029,1923,10,91.1,Y
IDCJAC0001,094029,1923,11,173.5,Y
IDCJAC0001,094029,1923,12,55.1,Y
IDCJAC0001,094029,1924,01,138.3,Y
IDCJAC0001,094029,1924,02,86.3,Y
IDCJAC0001,094029,1924,03,66.7,Y
IDCJAC0001,094029,1924,04,63.5,Y
IDCJAC0001,094029,1924,05,20.3,Y
IDCJAC0001,094029,1924,06,70.9,Y
IDCJAC0001,094029,1924,07,23.1,Y
IDCJAC0001,094029,1924,08,46.7,Y
IDCJAC0001,094029,1924,09,43.3,Y
IDCJAC0001,094029,1924,10,67.6,Y
IDCJAC0001,094029,1924,11,82.6,Y
IDCJAC0001,094029,1924,12,24.1,Y
IDCJAC0001,094029,1925,01,51.5,Y
IDCJAC0001,094029,1925,02,33.9,Y
IDCJAC0001,094029,1925,03,58.2,Y
IDCJAC0001,094029,1925,04,49.7,Y
IDCJAC0001,094029,1925,05,87.3,Y
IDCJAC0001,094029,1925,06,62.0,Y
IDCJAC0001,094029,1925,07,78.2,Y
IDCJAC0001,094029,1925,08,41.1,Y
IDCJAC0001,094029,1925,09,16.1,Y
IDCJAC0001,094029,1925,10,42.5,Y
IDCJAC0001,094029,1925,11,18.6,Y
IDCJAC0001,094029,1925,12,39.8,Y
IDCJAC0001,094029,1926,01,38.5,Y
IDCJAC0001,094029,1926,02,36.2,Y
IDCJAC0001,094029,1926,03,19.8,Y
IDCJAC0001,094029,1926,04,50.3,Y
IDCJAC0001,094029,1926,05,66.9,Y
IDCJAC0001,094029,1926,06,115.1,Y
IDCJAC0001,094029,1926,07,41.7,Y
IDCJAC0001,094029,1926,08,48.3,Y
IDCJAC0001,094029,1926,09,47.7,Y
IDCJAC0001,094029,1926,10,136.8,Y
IDCJAC0001,094029,1926,11,22.7,Y
IDCJAC0001,094029,1926,12,33.8,Y
IDCJAC0001,094029,1927,01,28.4,Y
IDCJAC0001,094029,1927,02,75.9,Y
IDCJAC0001,094029,1927,03,36.9,Y
IDCJAC0001,094029,1927,04,13.4,Y
IDCJAC0001,094029,1927,05,72.9,Y
IDCJAC0001,094029,1927,06,29.9,Y
IDCJAC0001,094029,1927,07,58.6,Y
IDCJAC0001,094029,1927,08,30.7,Y
IDCJAC0001,094029,1927,09,27.9,Y
IDCJAC0001,094029,1927,10,36.7,Y
IDCJAC0001,094029,1927,11,33.4,Y
IDCJAC0001,094029,1927,12,69.5,Y
IDCJAC0001,094029,1928,01,112.3,Y
IDCJAC0001,094029,1928,02,32.7,Y
IDCJAC0001,094029,1928,03,23.6,Y
IDCJAC0001,094029,1928,04,108.6,Y
IDCJAC0001,094029,1928,05,36.0,Y
IDCJAC0001,094029,1928,06,47.4,Y
IDCJAC0001,094029,1928,07,44.1,Y
IDCJAC0001,094029,1928,08,53.8,Y
IDCJAC0001,094029,1928,09,113.6,Y
IDCJAC0001,094029,1928,10,106.7,Y
IDCJAC0001,094029,1928,11,40.6,Y
IDCJAC0001,094029,1928,12,50.7,Y
IDCJAC0001,094029,1929,01,54.3,Y
IDCJAC0001,094029,1929,02,32.0,Y
IDCJAC0001,094029,1929,03,26.3,Y
IDCJAC0001,094029,1929,04,111.0,Y
IDCJAC0001,094029,1929,05,40.5,Y
IDCJAC0001,094029,1929,06,57.6,Y
IDCJAC0001,094029,1929,07,42.5,Y
IDCJAC0001,094029,1929,08,16.9,Y
IDCJAC0001,094029,1929,09,41.8,Y
IDCJAC0001,094029,1929,10,37.7,Y
IDCJAC0001,094029,1929,11,80.0,Y
IDCJAC0001,094029,1929,12,136.2,Y
IDCJAC0001,094029,1930,01,25.0,Y
IDCJAC0001,094029,1930,02,31.4,Y
IDCJAC0001,094029,1930,03,15.9,Y
IDCJAC0001,094029,1930,04,51.1,Y
IDCJAC0001,094029,1930,05,37.8,Y
IDCJAC0001,094029,1930,06,29.8,Y
IDCJAC0001,094029,1930,07,57.8,Y
IDCJAC0001,094029,1930,08,36.6,Y
IDCJAC0001,094029,1930,09,38.7,Y
IDCJAC0001,094029,1930,10,41.8,Y
IDCJAC0001,094029,1930,11,64.1,Y
IDCJAC0001,094029,1930,12,64.4,Y
IDCJAC0001,094029,1931,01,32.0,Y
IDCJAC0001,094029,1931,02,53.5,Y
IDCJAC0001,094029,1931,03,105.7,Y
IDCJAC0001,094029,1931,04,46.0,Y
IDCJAC0001,094029,1931,05,57.0,Y
IDCJAC0001,094029,1931,06,85.7,Y
IDCJAC0001,094029,1931,07,67.4,Y
IDCJAC0001,094029,1931,08,30.7,Y
IDCJAC0001,094029,1931,09,45.2,Y
IDCJAC0001,094029,1931,10,92.7,Y
IDCJAC0001,094029,1931,11,72.6,Y
IDCJAC0001,094029,1931,12,4.5,Y
IDCJAC0001,094029,1932,01,7.2,Y
IDCJAC0001,094029,1932,02,33.7,Y
IDCJAC0001,094029,1932,03,164.2,Y
IDCJAC0001,094029,1932,04,78.8,Y
IDCJAC0001,094029,1932,05,9.2,Y
IDCJAC0001,094029,1932,06,63.2,Y
IDCJAC0001,094029,1932,07,56.1,Y
IDCJAC0001,094029,1932,08,116.6,Y
IDCJAC0001,094029,1932,09,41.5,Y
IDCJAC0001,094029,1932,10,105.6,Y
IDCJAC0001,094029,1932,11,32.1,Y
IDCJAC0001,094029,1932,12,62.9,Y
IDCJAC0001,094029,1933,01,55.7,Y
IDCJAC0001,094029,1933,02,38.2,Y
IDCJAC0001,094029,1933,03,53.9,Y
IDCJAC0001,094029,1933,04,56.5,Y
IDCJAC0001,094029,1933,05,43.9,Y
IDCJAC0001,094029,1933,06,35.7,Y
IDCJAC0001,094029,1933,07,29.9,Y
IDCJAC0001,094029,1933,08,25.3,Y
IDCJAC0001,094029,1933,09,42.0,Y
IDCJAC0001,094029,1933,10,109.4,Y
IDCJAC0001,094029,1933,11,51.9,Y
IDCJAC0001,094029,1933,12,49.4,Y
IDCJAC0001,094029,1934,01,25.5,Y
IDCJAC0001,094029,1934,02,32.1,Y
IDCJAC0001,094029,1934,03,16.4,Y
IDCJAC0001,094029,1934,04,67.1,Y
IDCJAC0001,094029,1934,05,7.4,Y
IDCJAC0001,094029,1934,06,26.8,Y
IDCJAC0001,094029,1934,07,54.2,Y
IDCJAC0001,094029,1934,08,33.3,Y
IDCJAC0001,094029,1934,09,79.2,Y
IDCJAC0001,094029,1934,10,68.5,Y
IDCJAC0001,094029,1934,11,47.1,Y
IDCJAC0001,094029,1934,12,133.1,Y
IDCJAC0001,094029,1935,01,26.8,Y
IDCJAC0001,094029,1935,02,126.1,Y
IDCJAC0001,094029,1935,03,39.8,Y
IDCJAC0001,094029,1935,04,215.9,Y
IDCJAC0001,094029,1935,05,22.7,Y
IDCJAC0001,094029,1935,06,61.6,Y
IDCJAC0001,094029,1935,07,32.2,Y
IDCJAC0001,094029,1935,08,53.2,Y
IDCJAC0001,094029,1935,09,20.4,Y
IDCJAC0001,094029,1935,10,65.7,Y
IDCJAC0001,094029,1935,11,73.9,Y
IDCJAC0001,094029,1935,12,82.6,Y
IDCJAC0001,094029,1936,01,16.6,Y
IDCJAC0001,094029,1936,02,7.2,Y
IDCJAC0001,094029,1936,03,21.0,Y
IDCJAC0001,094029,1936,04,38.1,Y
IDCJAC0001,094029,1936,05,19.6,Y
IDCJAC0001,094029,1936,06,54.9,Y
IDCJAC0001,094029,1936,07,30.9,Y
IDCJAC0001,094029,1936,08,79.5,Y
IDCJAC0001,094029,1936,09,32.5,Y
IDCJAC0001,094029,1936,10,42.0,Y
IDCJAC0001,094029,1936,11,49.0,Y
IDCJAC0001,094029,1936,12,109.5,Y
IDCJAC0001,094029,1937,01,86.1,Y
IDCJAC0001,094029,1937,02,26.1,Y
IDCJAC0001,094029,1937,03,37.4,Y
IDCJAC0001,094029,1937,04,24.7,Y
IDCJAC0001,094029,1937,05,75.7,Y
IDCJAC0001,094029,1937,06,34.2,Y
IDCJAC0001,094029,1937,07,27.9,Y
IDCJAC0001,094029,1937,08,16.4,Y
IDCJAC0001,094029,1937,09,47.7,Y
IDCJAC0001,094029,1937,10,66.9,Y
IDCJAC0001,094029,1937,11,19.1,Y
IDCJAC0001,094029,1937,12,65.1,Y
IDCJAC0001,094029,1938,01,92.8,Y
IDCJAC0001,094029,1938,02,108.5,Y
IDCJAC0001,094029,1938,03,118.5,Y
IDCJAC0001,094029,1938,04,32.5,Y
IDCJAC0001,094029,1938,05,29.5,Y
IDCJAC0001,094029,1938,06,104.0,Y
IDCJAC0001,094029,1938,07,96.4,Y
IDCJAC0001,094029,1938,08,28.5,Y
IDCJAC0001,094029,1938,09,23.2,Y
IDCJAC0001,094029,1938,10,46.6,Y
IDCJAC0001,094029,1938,11,57.0,Y
IDCJAC0001,094029,1938,12,58.0,Y
IDCJAC0001,094029,1939,01,16.7,Y
IDCJAC0001,094029,1939,02,54.6,Y
IDCJAC0001,094029,1939,03,43.0,Y
IDCJAC0001,094029,1939,04,29.7,Y
IDCJAC0001,094029,1939,05,38.3,Y
IDCJAC0001,094029,1939,06,103.1,Y
IDCJAC0001,094029,1939,07,47.8,Y
IDCJAC0001,094029,1939,08,106.6,Y
IDCJAC0001,094029,1939,09,79.9,Y
IDCJAC0001,094029,1939,10,32.7,Y
IDCJAC0001,094029,1939,11,99.0,Y
IDCJAC0001,094029,1939,12,42.4,Y
IDCJAC0001,094029,1940,01,36.5,Y
IDCJAC0001,094029,1940,02,37.2,Y
IDCJAC0001,094029,1940,03,31.6,Y
IDCJAC0001,094029,1940,04,18.4,Y
IDCJAC0001,094029,1940,05,37.5,Y
IDCJAC0001,094029,1940,06,20.4,Y
IDCJAC0001,094029,1940,07,23.9,Y
IDCJAC0001,094029,1940,08,21.4,Y
IDCJAC0001,094029,1940,09,45.7,Y
IDCJAC0001,094029,1940,10,44.8,Y
IDCJAC0001,094029,1940,11,45.1,Y
IDCJAC0001,094029,1940,12,74.9,Y
IDCJAC0001,094029,1941,01,75.7,Y
IDCJAC0001,094029,1941,02,19.2,Y
IDCJAC0001,094029,1941,03,78.1,Y
IDCJAC0001,094029,1941,04,14.1,Y
IDCJAC0001,094029,1941,05,9.6,Y
IDCJAC0001,094029,1941,06,25.1,Y
IDCJAC0001,094029,1941,07,56.8,Y
IDCJAC0001,094029,1941,08,74.6,Y
IDCJAC0001,094029,1941,09,42.5,Y
IDCJAC0001,094029,1941,10,36.1,Y
IDCJAC0001,094029,1941,11,34.2,Y
IDCJAC0001,094029,1941,12,132.0,Y
IDCJAC0001,094029,1942,01,21.2,Y
IDCJAC0001,094029,1942,02,21.4,Y
IDCJAC0001,094029,1942,03,32.9,Y
IDCJAC0001,094029,1942,04,31.7,Y
IDCJAC0001,094029,1942,05,83.8,Y
IDCJAC0001,094029,1942,06,33.9,Y
IDCJAC0001,094029,1942,07,45.7,Y
IDCJAC0001,094029,1942,08,57.9,Y
IDCJAC0001,094029,1942,09,60.1,Y
IDCJAC0001,094029,1942,10,32.0,Y
IDCJAC0001,094029,1942,11,25.5,Y
IDCJAC0001,094029,1942,12,49.2,Y
IDCJAC0001,094029,1943,01,42.5,Y
IDCJAC0001,094029,1943,02,37.4,Y
IDCJAC0001,094029,1943,03,7.4,Y
IDCJAC0001,094029,1943,04,75.6,Y
IDCJAC0001,094029,1943,05,16.9,Y
IDCJAC0001,094029,1943,06,67.8,Y
IDCJAC0001,094029,1943,07,34.1,Y
IDCJAC0001,094029,1943,08,25.2,Y
IDCJAC0001,094029,1943,09,40.2,Y
IDCJAC0001,094029,1943,10,33.5,Y
IDCJAC0001,094029,1943,11,88.7,Y
IDCJAC0001,094029,1943,12,62.4,Y
IDCJAC0001,094029,1944,01,109.3,Y
IDCJAC0001,094029,1944,02,26.1,Y
IDCJAC0001,094029,1944,03,44.5,Y
IDCJAC0001,094029,1944,04,57.0,Y
IDCJAC0001,094029,1944,05,60.0,Y
IDCJAC0001,094029,1944,06,57.1,Y
IDCJAC0001,094029,1944,07,32.3,Y
IDCJAC0001,094029,1944,08,19.5,Y
IDCJAC0001,094029,1944,09,54.4,Y
IDCJAC0001,094029,1944,10,96.3,Y
IDCJAC0001,094029,1944,11,38.4,Y
IDCJAC0001,094029,1944,12,73.4,Y
IDCJAC0001,094029,1945,01,92.2,Y
IDCJAC0001,094029,1945,02,22.6,Y
IDCJAC0001,094029,1945,03,20.1,Y
IDCJAC0001,094029,1945,04,8.1,Y
IDCJAC0001,094029,1945,05,13.8,Y
IDCJAC0001,094029,1945,06,23.5,Y
IDCJAC0001,094029,1945,07,27.4,Y
IDCJAC0001,094029,1945,08,74.7,Y
IDCJAC0001,094029,1945,09,58.3,Y
IDCJAC0001,094029,1945,10,31.0,Y
IDCJAC0001,094029,1945,11,30.4,Y
IDCJAC0001,094029,1945,12,29.8,Y
IDCJAC0001,094029,1946,01,14.2,Y
IDCJAC0001,094029,1946,02,80.6,Y
IDCJAC0001,094029,1946,03,255.4,Y
IDCJAC0001,094029,1946,04,57.8,Y
IDCJAC0001,094029,1946,05,23.7,Y
IDCJAC0001,094029,1946,06,67.2,Y
IDCJAC0001,094029,1946,07,93.8,Y
IDCJAC0001,094029,1946,08,160.8,Y
IDCJAC0001,094029,1946,09,66.9,Y
IDCJAC0001,094029,1946,10,52.4,Y
IDCJAC0001,094029,1946,11,77.0,Y
IDCJAC0001,094029,1946,12,54.6,Y
IDCJAC0001,094029,1947,01,20.1,Y
IDCJAC0001,094029,1947,02,31.4,Y
IDCJAC0001,094029,1947,03,81.8,Y
IDCJAC0001,094029,1947,04,22.7,Y
IDCJAC0001,094029,1947,05,87.5,Y
IDCJAC0001,094029,1947,06,190.9,Y
IDCJAC0001,094029,1947,07,71.3,Y
IDCJAC0001,094029,1947,08,82.6,Y
IDCJAC0001,094029,1947,09,41.5,Y
IDCJAC0001,094029,1947,10,193.1,Y
IDCJAC0001,094029,1947,11,35.0,Y
IDCJAC0001,094029,1947,12,124.7,Y
IDCJAC0001,094029,1948,01,28.2,Y
IDCJAC0001,094029,1948,02,21.3,Y
IDCJAC0001,094029,1948,03,52.4,Y
IDCJAC0001,094029,1948,04,57.9,Y
IDCJAC0001,094029,1948,05,62.7,Y
IDCJAC0001,094029,1948,06,34.1,Y
IDCJAC0001,094029,1948,07,32.8,Y
IDCJAC0001,094029,1948,08,19.7,Y
IDCJAC0001,094029,1948,09,71.3,Y
IDCJAC0001,094029,1948,10,104.6,Y
IDCJAC0001,094029,1948,11,63.7,Y
IDCJAC0001,094029,1948,12,46.9,Y
IDCJAC0001,094029,1949,01,106.8,Y
IDCJAC0001,094029,1949,02,29.2,Y
IDCJAC0001,094029,1949,03,28.8,Y
IDCJAC0001,094029,1949,04,26.9,Y
IDCJAC0001,094029,1949,05,61.4,Y
IDCJAC0001,094029,1949,06,27.2,Y
IDCJAC0001,094029,1949,07,82.2,Y
IDCJAC0001,094029,1949,08,9.8,Y
IDCJAC0001,094029,1949,09,15.2,Y
IDCJAC0001,094029,1949,10,96.3,Y
IDCJAC0001,094029,1949,11,60.9,Y
IDCJAC0001,094029,1949,12,37.1,Y
IDCJAC0001,094029,1950,01,21.8,Y
IDCJAC0001,094029,1950,02,19.9,Y
IDCJAC0001,094029,1950,03,33.3,Y
IDCJAC0001,094029,1950,04,25.9,Y
IDCJAC0001,094029,1950,05,59.4,Y
IDCJAC0001,094029,1950,06,39.4,Y
IDCJAC0001,094029,1950,07,4.4,Y
IDCJAC0001,094029,1950,08,90.3,Y
IDCJAC0001,094029,1950,09,25.1,Y
IDCJAC0001,094029,1950,10,76.4,Y
IDCJAC0001,094029,1950,11,57.6,Y
IDCJAC0001,094029,1950,12,36.8,Y
IDCJAC0001,094029,1951,01,41.6,Y
IDCJAC0001,094029,1951,02,50.8,Y
IDCJAC0001,094029,1951,03,20.0,Y
IDCJAC0001,094029,1951,04,136.9,Y
IDCJAC0001,094029,1951,05,31.6,Y
IDCJAC0001,094029,1951,06,18.2,Y
IDCJAC0001,094029,1951,07,47.1,Y
IDCJAC0001,094029,1951,08,35.4,Y
IDCJAC0001,094029,1951,09,10.0,Y
IDCJAC0001,094029,1951,10,108.6,Y
IDCJAC0001,094029,1951,11,57.5,Y
IDCJAC0001,094029,1951,12,68.2,Y
IDCJAC0001,094029,1952,01,34.9,Y
IDCJAC0001,094029,1952,02,37.2,Y
IDCJAC0001,094029,1952,03,13.8,Y
IDCJAC0001,094029,1952,04,84.0,Y
IDCJAC0001,094029,1952,05,83.0,Y
IDCJAC0001,094029,1952,06,177.1,Y
IDCJAC0001,094029,1952,07,57.9,Y
IDCJAC0001,094029,1952,08,25.6,Y
IDCJAC0001,094029,1952,09,67.6,Y
IDCJAC0001,094029,1952,10,116.0,Y
IDCJAC0001,094029,1952,11,75.0,Y
IDCJAC0001,094029,1952,12,27.7,Y
IDCJAC0001,094029,1953,01,21.2,Y
IDCJAC0001,094029,1953,02,62.0,Y
IDCJAC0001,094029,1953,03,41.9,Y
IDCJAC0001,094029,1953,04,46.0,Y
IDCJAC0001,094029,1953,05,29.4,Y
IDCJAC0001,094029,1953,06,86.0,Y
IDCJAC0001,094029,1953,07,68.5,Y
IDCJAC0001,094029,1953,08,54.4,Y
IDCJAC0001,094029,1953,09,127.5,Y
IDCJAC0001,094029,1953,10,33.3,Y
IDCJAC0001,094029,1953,11,124.4,Y
IDCJAC0001,094029,1953,12,73.3,Y
IDCJAC0001,094029,1954,01,29.6,Y
IDCJAC0001,094029,1954,02,130.9,Y
IDCJAC0001,094029,1954,03,27.8,Y
IDCJAC0001,094029,1954,04,30.9,Y
IDCJAC0001,094029,1954,05,29.0,Y
IDCJAC0001,094029,1954,06,238.3,Y
IDCJAC0001,094029,1954,07,14.9,Y
IDCJAC0001,094029,1954,08,46.7,Y
IDCJAC0001,094029,1954,09,18.4,Y
IDCJAC0001,094029,1954,10,22.1,Y
IDCJAC0001,094029,1954,11,80.2,Y
IDCJAC0001,094029,1954,12,23.6,Y
IDCJAC0001,094029,1955,01,13.3,Y
IDCJAC0001,094029,1955,02,21.7,Y
IDCJAC0001,094029,1955,03,20.2,Y
IDCJAC0001,094029,1955,04,82.7,Y
IDCJAC0001,094029,1955,05,38.1,Y
IDCJAC0001,094029,1955,06,66.5,Y
IDCJAC0001,094029,1955,07,57.7,Y
IDCJAC0001,094029,1955,08,39.2,Y
IDCJAC0001,094029,1955,09,26.3,Y
IDCJAC0001,094029,1955,10,53.1,Y
IDCJAC0001,094029,1955,11,42.6,Y
IDCJAC0001,094029,1955,12,108.5,Y
IDCJAC0001,094029,1956,01,91.2,Y
IDCJAC0001,094029,1956,02,127.4,Y
IDCJAC0001,094029,1956,03,41.2,Y
IDCJAC0001,094029,1956,04,55.9,Y
IDCJAC0001,094029,1956,05,135.8,Y
IDCJAC0001,094029,1956,06,92.8,Y
IDCJAC0001,094029,1956,07,50.8,Y
IDCJAC0001,094029,1956,08,76.3,Y
IDCJAC0001,094029,1956,09,41.8,Y
IDCJAC0001,094029,1956,10,130.4,Y
IDCJAC0001,094029,1956,11,70.2,Y
IDCJAC0001,094029,1956,12,19.4,Y
IDCJAC0001,094029,1957,01,21.1,Y
IDCJAC0001,094029,1957,02,32.9,Y
IDCJAC0001,094029,1957,03,47.8,Y
IDCJAC0001,094029,1957,04,80.2,Y
IDCJAC0001,094029,1957,05,52.0,Y
IDCJAC0001,094029,1957,06,15.8,Y
IDCJAC0001,094029,1957,07,18.7,Y
IDCJAC0001,094029,1957,08,23.6,Y
IDCJAC0001,094029,1957,09,201.6,Y
IDCJAC0001,094029,1957,10,52.1,Y
IDCJAC0001,094029,1957,11,147.2,Y
IDCJAC0001,094029,1957,12,36.0,Y
IDCJAC0001,094029,1958,01,4.4,Y
IDCJAC0001,094029,1958,02,57.2,Y
IDCJAC0001,094029,1958,03,45.6,Y
IDCJAC0001,094029,1958,04,72.8,Y
IDCJAC0001,094029,1958,05,213.8,Y
IDCJAC0001,094029,1958,06,33.8,Y
IDCJAC0001,094029,1958,07,55.1,Y
IDCJAC0001,094029,1958,08,138.2,Y
IDCJAC0001,094029,1958,09,22.3,Y
IDCJAC0001,094029,1958,10,122.3,Y
IDCJAC0001,094029,1958,11,32.7,Y
IDCJAC0001,094029,1958,12,130.7,Y
IDCJAC0001,094029,1959,01,34.6,Y
IDCJAC0001,094029,1959,02,42.4,Y
IDCJAC0001,094029,1959,03,11.3,Y
IDCJAC0001,094029,1959,04,52.4,Y
IDCJAC0001,094029,1959,05,18.6,Y
IDCJAC0001,094029,1959,06,35.5,Y
IDCJAC0001,094029,1959,07,54.6,Y
IDCJAC0001,094029,1959,08,16.2,Y
IDCJAC0001,094029,1959,09,77.3,Y
IDCJAC0001,094029,1959,10,26.5,Y
IDCJAC0001,094029,1959,11,21.2,Y
IDCJAC0001,094029,1959,12,100.2,Y
IDCJAC0001,094029,1960,01,57.4,Y
IDCJAC0001,094029,1960,02,19.7,Y
IDCJAC0001,094029,1960,03,15.0,Y
IDCJAC0001,094029,1960,04,247.8,Y
IDCJAC0001,094029,1960,05,97.1,Y
IDCJAC0001,094029,1960,06,50.7,Y
IDCJAC0001,094029,1960,07,46.0,Y
IDCJAC0001,094029,1960,08,26.5,Y
IDCJAC0001,094029,1960,09,81.1,Y
IDCJAC0001,094029,1960,10,65.4,Y
IDCJAC0001,094029,1960,11,29.7,Y
IDCJAC0001,094029,1960,12,11.1,Y
IDCJAC0001,094029,1961,01,31.5,Y
IDCJAC0001,094029,1961,02,30.6,Y
IDCJAC0001,094029,1961,03,19.9,Y
IDCJAC0001,094029,1961,04,52.4,Y
IDCJAC0001,094029,1961,05,31.5,Y
IDCJAC0001,094029,1961,06,43.0,Y
IDCJAC0001,094029,1961,07,77.3,Y
IDCJAC0001,094029,1961,08,56.9,Y
IDCJAC0001,094029,1961,09,33.5,Y
IDCJAC0001,094029,1961,10,29.6,Y
IDCJAC0001,094029,1961,11,12.1,Y
IDCJAC0001,094029,1961,12,41.3,Y
IDCJAC0001,094029,1962,01,34.7,Y
IDCJAC0001,094029,1962,02,13.7,Y
IDCJAC0001,094029,1962,03,35.5,Y
IDCJAC0001,094029,1962,04,42.0,Y
IDCJAC0001,094029,1962,05,65.8,Y
IDCJAC0001,094029,1962,06,61.9,Y
IDCJAC0001,094029,1962,07,58.4,Y
IDCJAC0001,094029,1962,08,94.4,Y
IDCJAC0001,094029,1962,09,97.6,Y
IDCJAC0001,094029,1962,10,74.9,Y
IDCJAC0001,094029,1962,11,23.4,Y
IDCJAC0001,094029,1962,12,44.0,Y
IDCJAC0001,094029,1963,01,22.5,Y
IDCJAC0001,094029,1963,02,26.5,Y
IDCJAC0001,094029,1963,03,28.8,Y
IDCJAC0001,094029,1963,04,10.1,Y
IDCJAC0001,094029,1963,05,32.8,Y
IDCJAC0001,094029,1963,06,28.1,Y
IDCJAC0001,094029,1963,07,93.1,Y
IDCJAC0001,094029,1963,08,37.6,Y
IDCJAC0001,094029,1963,09,41.3,Y
IDCJAC0001,094029,1963,10,29.6,Y
IDCJAC0001,094029,1963,11,31.7,Y
IDCJAC0001,094029,1963,12,13.0,Y
IDCJAC0001,094029,1964,01,13.0,Y
IDCJAC0001,094029,1964,02,170.8,Y
IDCJAC0001,094029,1964,03,54.7,Y
IDCJAC0001,094029,1964,04,28.6,Y
IDCJAC0001,094029,1964,05,49.5,Y
IDCJAC0001,094029,1964,06,56.9,Y
IDCJAC0001,094029,1964,07,62.6,Y
IDCJAC0001,094029,1964,08,49.2,Y
IDCJAC0001,094029,1964,09,55.6,Y
IDCJAC0001,094029,1964,10,30.9,Y
IDCJAC0001,094029,1964,11,46.6,Y
IDCJAC0001,094029,1964,12,95.9,Y
IDCJAC0001,094029,1965,01,63.0,Y
IDCJAC0001,094029,1965,02,8.0,Y
IDCJAC0001,094029,1965,03,37.6,Y
IDCJAC0001,094029,1965,04,117.7,Y
IDCJAC0001,094029,1965,05,69.1,Y
IDCJAC0001,094029,1965,06,13.6,Y
IDCJAC0001,094029,1965,07,8.6,Y
IDCJAC0001,094029,1965,08,45.5,Y
IDCJAC0001,094029,1965,09,37.3,Y
IDCJAC0001,094029,1965,10,26.6,Y
IDCJAC0001,094029,1965,11,68.7,Y
IDCJAC0001,094029,1965,12,39.5,Y
IDCJAC0001,094029,1966,01,12.3,Y
IDCJAC0001,094029,1966,02,33.6,Y
IDCJAC0001,094029,1966,03,83.7,Y
IDCJAC0001,094029,1966,04,81.3,Y
IDCJAC0001,094029,1966,05,42.0,Y
IDCJAC0001,094029,1966,06,9.8,Y
IDCJAC0001,094029,1966,07,93.2,Y
IDCJAC0001,094029,1966,08,58.3,Y
IDCJAC0001,094029,1966,09,133.0,Y
IDCJAC0001,094029,1966,10,107.6,Y
IDCJAC0001,094029,1966,11,28.4,Y
IDCJAC0001,094029,1966,12,17.0,Y
IDCJAC0001,094029,1967,01,15.0,Y
IDCJAC0001,094029,1967,02,9.6,Y
IDCJAC0001,094029,1967,03,16.0,Y
IDCJAC0001,094029,1967,04,21.0,Y
IDCJAC0001,094029,1967,05,11.9,Y
IDCJAC0001,094029,1967,06,7.0,Y
IDCJAC0001,094029,1967,07,154.6,Y
IDCJAC0001,094029,1967,08,55.2,Y
IDCJAC0001,094029,1967,09,52.7,Y
IDCJAC0001,094029,1967,10,43.4,Y
IDCJAC0001,094029,1967,11,66.5,Y
IDCJAC0001,094029,1967,12,37.6,Y
IDCJAC0001,094029,1968,01,15.6,Y
IDCJAC0001,094029,1968,02,41.6,Y
IDCJAC0001,094029,1968,03,47.2,Y
IDCJAC0001,094029,1968,04,34.4,Y
IDCJAC0001,094029,1968,05,58.8,Y
IDCJAC0001,094029,1968,06,32.4,Y
IDCJAC0001,094029,1968,07,24.6,Y
IDCJAC0001,094029,1968,08,66.4,Y
IDCJAC0001,094029,1968,09,21.3,Y
IDCJAC0001,094029,1968,10,32.9,Y
IDCJAC0001,094029,1968,11,72.8,Y
IDCJAC0001,094029,1968,12,27.5,Y
IDCJAC0001,094029,1969,01,22.9,Y
IDCJAC0001,094029,1969,02,116.5,Y
IDCJAC0001,094029,1969,03,26.8,Y
IDCJAC0001,094029,1969,04,72.8,Y
IDCJAC0001,094029,1969,05,87.2,Y
IDCJAC0001,094029,1969,06,39.4,Y
IDCJAC0001,094029,1969,07,32.7,Y
IDCJAC0001,094029,1969,08,49.7,Y
IDCJAC0001,094029,1969,09,14.7,Y
IDCJAC0001,094029,1969,10,25.4,Y
IDCJAC0001,094029,1969,11,113.2,Y
IDCJAC0001,094029,1969,12,121.2,Y
IDCJAC0001,094029,1970,01,83.0,Y
IDCJAC0001,094029,1970,02,36.9,Y
IDCJAC0001,094029,1970,03,50.8,Y
IDCJAC0001,094029,1970,04,29.1,Y
IDCJAC0001,094029,1970,05,32.0,Y
IDCJAC0001,094029,1970,06,45.1,Y
IDCJAC0001,094029,1970,07,51.4,Y
IDCJAC0001,094029,1970,08,106.5,Y
IDCJAC0001,094029,1970,09,22.9,Y
IDCJAC0001,094029,1970,10,105.1,Y
IDCJAC0001,094029,1970,11,70.5,Y
IDCJAC0001,094029,1970,12,150.0,Y
IDCJAC0001,094029,1971,01,103.3,Y
IDCJAC0001,094029,1971,02,103.0,Y
IDCJAC0001,094029,1971,03,50.1,Y
IDCJAC0001,094029,1971,04,35.9,Y
IDCJAC0001,094029,1971,05,79.8,Y
IDCJAC0001,094029,1971,06,34.7,Y
IDCJAC0001,094029,1971,07,15.7,Y
IDCJAC0001,094029,1971,08,58.1,Y
IDCJAC0001,094029,1971,09,74.1,Y
IDCJAC0001,094029,1971,10,69.3,Y
IDCJAC0001,094029,1971,11,77.8,Y
IDCJAC0001,094029,1971,12,52.3,Y
IDCJAC0001,094029,1972,01,56.7,Y
IDCJAC0001,094029,1972,02,44.9,Y
IDCJAC0001,094029,1972,03,11.0,Y
IDCJAC0001,094029,1972,04,61.5,Y
IDCJAC0001,094029,1972,05,7.7,Y
IDCJAC0001,094029,1972,06,16.3,Y
IDCJAC0001,094029,1972,07,86.7,Y
IDCJAC0001,094029,1972,08,38.6,Y
IDCJAC0001,094029,1972,09,29.0,Y
IDCJAC0001,094029,1972,10,22.4,Y
IDCJAC0001,094029,1972,11,25.9,Y
IDCJAC0001,094029,1972,12,51.3,Y
IDCJAC0001,094029,1973,01,34.9,Y
IDCJAC0001,094029,1973,02,52.5,Y
IDCJAC0001,094029,1973,03,28.7,Y
IDCJAC0001,094029,1973,04,62.9,Y
IDCJAC0001,094029,1973,05,98.7,Y
IDCJAC0001,094029,1973,06,55.0,Y
IDCJAC0001,094029,1973,07,12.4,Y
IDCJAC0001,094029,1973,08,19.0,Y
IDCJAC0001,094029,1973,09,35.9,Y
IDCJAC0001,094029,1973,10,95.0,Y
IDCJAC0001,094029,1973,11,62.4,Y
IDCJAC0001,094029,1973,12,47.3,Y
IDCJAC0001,094029,1974,01,9.4,Y
IDCJAC0001,094029,1974,02,44.0,Y
IDCJAC0001,094029,1974,03,43.0,Y
IDCJAC0001,094029,1974,04,106.0,Y
IDCJAC0001,094029,1974,05,24.0,Y
IDCJAC0001,094029,1974,06,84.6,Y
IDCJAC0001,094029,1974,07,156.8,Y
IDCJAC0001,094029,1974,08,25.2,Y
IDCJAC0001,094029,1974,09,58.0,Y
IDCJAC0001,094029,1974,10,34.2,Y
IDCJAC0001,094029,1974,11,51.0,Y
IDCJAC0001,094029,1974,12,64.4,Y
IDCJAC0001,094029,1975,01,58.0,Y
IDCJAC0001,094029,1975,02,9.2,Y
IDCJAC0001,094029,1975,03,112.6,Y
IDCJAC0001,094029,1975,04,28.2,Y
IDCJAC0001,094029,1975,05,74.6,Y
IDCJAC0001,094029,1975,06,25.4,Y
IDCJAC0001,094029,1975,07,95.0,Y
IDCJAC0001,094029,1975,08,124.2,Y
IDCJAC0001,094029,1975,09,36.0,Y
IDCJAC0001,094029,1975,10,142.0,Y
IDCJAC0001,094029,1975,11,100.2,Y
IDCJAC0001,094029,1975,12,22.4,Y
IDCJAC0001,094029,1976,01,74.6,Y
IDCJAC0001,094029,1976,02,6.4,Y
IDCJAC0001,094029,1976,03,46.8,Y
IDCJAC0001,094029,1976,04,17.8,Y
IDCJAC0001,094029,1976,05,28.0,Y
IDCJAC0001,094029,1976,06,40.6,Y
IDCJAC0001,094029,1976,07,30.0,Y
IDCJAC0001,094029,1976,08,147.8,Y
IDCJAC0001,094029,1976,09,46.4,Y
IDCJAC0001,094029,1976,10,71.2,Y
IDCJAC0001,094029,1976,11,84.8,Y
IDCJAC0001,094029,1976,12,70.4,Y
IDCJAC0001,094029,1977,01,48.2,Y
IDCJAC0001,094029,1977,02,37.4,Y
IDCJAC0001,094029,1977,03,91.2,Y
IDCJAC0001,094029,1977,04,14.6,Y
IDCJAC0001,094029,1977,05,36.8,Y
IDCJAC0001,094029,1977,06,42.0,Y
IDCJAC0001,094029,1977,07,63.6,Y
IDCJAC0001,094029,1977,08,17.8,Y
IDCJAC0001,094029,1977,09,40.8,Y
IDCJAC0001,094029,1977,10,22.4,Y
IDCJAC0001,094029,1977,11,68.8,Y
IDCJAC0001,094029,1977,12,11.6,Y
IDCJAC0001,094029,1978,01,37.0,Y
IDCJAC0001,094029,1978,02,86.6,Y
IDCJAC0001,094029,1978,03,14.4,Y
IDCJAC0001,094029,1978,04,31.8,Y
IDCJAC0001,094029,1978,05,49.0,Y
IDCJAC0001,094029,1978,06,51.0,Y
IDCJAC0001,094029,1978,07,44.2,Y
IDCJAC0001,094029,1978,08,108.6,Y
IDCJAC0001,094029,1978,09,14.0,Y
IDCJAC0001,094029,1978,10,25.6,Y
IDCJAC0001,094029,1978,11,93.8,Y
IDCJAC0001,094029,1978,12,52.4,Y
IDCJAC0001,094029,1979,01,38.8,Y
IDCJAC0001,094029,1979,02,33.4,Y
IDCJAC0001,094029,1979,03,26.8,Y
IDCJAC0001,094029,1979,04,24.0,Y
IDCJAC0001,094029,1979,05,18.6,Y
IDCJAC0001,094029,1979,06,1.8,Y
IDCJAC0001,094029,1979,07,11.8,Y
IDCJAC0001,094029,1979,08,70.6,Y
IDCJAC0001,094029,1979,09,66.0,Y
IDCJAC0001,094029,1979,10,38.2,Y
IDCJAC0001,094029,1979,11,18.2,Y
IDCJAC0001,094029,1979,12,42.0,Y
IDCJAC0001,094029,1980,01,8.4,Y
IDCJAC0001,094029,1980,02,28.4,Y
IDCJAC0001,094029,1980,03,58.2,Y
IDCJAC0001,094029,1980,04,27.0,Y
IDCJAC0001,094029,1980,05,22.0,Y
IDCJAC0001,094029,1980,06,45.2,Y
IDCJAC0001,094029,1980,07,29.4,Y
IDCJAC0001,094029,1980,08,37.2,Y
IDCJAC0001,094029,1980,09,66.6,Y
IDCJAC0001,094029,1980,10,72.6,Y
IDCJAC0001,094029,1980,11,43.2,Y
IDCJAC0001,094029,1980,12,26.6,Y
IDCJAC0001,094029,1981,01,18.2,Y
IDCJAC0001,094029,1981,02,11.8,Y
IDCJAC0001,094029,1981,03,57.4,Y
IDCJAC0001,094029,1981,04,72.2,Y
IDCJAC0001,094029,1981,05,32.6,Y
IDCJAC0001,094029,1981,06,73.6,Y
IDCJAC0001,094029,1981,07,44.0,Y
IDCJAC0001,094029,1981,08,105.8,Y
IDCJAC0001,094029,1981,09,35.4,Y
IDCJAC0001,094029,1981,10,48.2,Y
IDCJAC0001,094029,1981,11,21.0,Y
IDCJAC0001,094029,1981,12,28.0,Y
IDCJAC0001,094029,1982,01,36.2,Y
IDCJAC0001,094029,1982,02,24.6,Y
IDCJAC0001,094029,1982,03,76.8,Y
IDCJAC0001,094029,1982,04,12.2,Y
IDCJAC0001,094029,1982,05,57.6,Y
IDCJAC0001,094029,1982,06,35.0,Y
IDCJAC0001,094029,1982,07,35.4,Y
IDCJAC0001,094029,1982,08,9.0,Y
IDCJAC0001,094029,1982,09,63.6,Y
IDCJAC0001,094029,1982,10,8.6,Y
IDCJAC0001,094029,1982,11,25.2,Y
IDCJAC0001,094029,1982,12,14.2,Y
IDCJAC0001,094029,1983,01,19.0,Y
IDCJAC0001,094029,1983,02,7.6,Y
IDCJAC0001,094029,1983,03,109.4,Y
IDCJAC0001,094029,1983,04,53.4,Y
IDCJAC0001,094029,1983,05,23.6,Y
IDCJAC0001,094029,1983,06,40.8,Y
IDCJAC0001,094029,1983,07,35.6,Y
IDCJAC0001,094029,1983,08,48.8,Y
IDCJAC0001,094029,1983,09,127.8,Y
IDCJAC0001,094029,1983,10,56.2,Y
IDCJAC0001,094029,1983,11,58.4,Y
IDCJAC0001,094029,1983,12,17.0,Y
IDCJAC0001,094029,1984,01,11.6,Y
IDCJAC0001,094029,1984,02,10.6,Y
IDCJAC0001,094029,1984,03,26.8,Y
IDCJAC0001,094029,1984,04,28.0,Y
IDCJAC0001,094029,1984,05,20.0,Y
IDCJAC0001,094029,1984,06,17.0,Y
IDCJAC0001,094029,1984,07,62.8,Y
IDCJAC0001,094029,1984,08,105.4,Y
IDCJAC0001,094029,1984,09,90.6,Y
IDCJAC0001,094029,1984,10,57.2,Y
IDCJAC0001,094029,1984,11,74.0,Y
IDCJAC0001,094029,1984,12,91.0,Y
IDCJAC0001,094029,1985,01,60.8,Y
IDCJAC0001,094029,1985,02,38.0,Y
IDCJAC0001,094029,1985,03,39.0,Y
IDCJAC0001,094029,1985,04,65.4,Y
IDCJAC0001,094029,1985,05,36.4,Y
IDCJAC0001,094029,1985,06,44.2,Y
IDCJAC0001,094029,1985,07,61.4,Y
IDCJAC0001,094029,1985,08,21.8,Y
IDCJAC0001,094029,1985,09,37.6,Y
IDCJAC0001,094029,1985,10,57.6,Y
IDCJAC0001,094029,1985,11,47.0,Y
IDCJAC0001,094029,1985,12,206.4,Y
IDCJAC0001,094029,1986,01,104.4,Y
IDCJAC0001,094029,1986,02,21.8,Y
IDCJAC0001,094029,1986,03,22.2,Y
IDCJAC0001,094029,1986,04,49.2,Y
IDCJAC0001,094029,1986,05,92.4,Y
IDCJAC0001,094029,1986,06,30.0,Y
IDCJAC0001,094029,1986,07,75.2,Y
IDCJAC0001,094029,1986,08,47.2,Y
IDCJAC0001,094029,1986,09,36.4,Y
IDCJAC0001,094029,1986,10,76.6,Y
IDCJAC0001,094029,1986,11,25.8,Y
IDCJAC0001,094029,1986,12,71.6,Y
IDCJAC0001,094029,1987,01,55.2,Y
IDCJAC0001,094029,1987,02,24.8,Y
IDCJAC0001,094029,1987,03,38.6,Y
IDCJAC0001,094029,1987,04,24.4,Y
IDCJAC0001,094029,1987,05,72.2,Y
IDCJAC0001,094029,1987,06,25.2,Y
IDCJAC0001,094029,1987,07,39.2,Y
IDCJAC0001,094029,1987,08,27.2,Y
IDCJAC0001,094029,1987,09,41.4,Y
IDCJAC0001,094029,1987,10,35.2,Y
IDCJAC0001,094029,1987,11,56.8,Y
IDCJAC0001,094029,1987,12,53.2,Y
IDCJAC0001,094029,1988,01,28.0,Y
IDCJAC0001,094029,1988,02,18.2,Y
IDCJAC0001,094029,1988,03,23.6,Y
IDCJAC0001,094029,1988,04,29.2,Y
IDCJAC0001,094029,1988,05,82.4,Y
IDCJAC0001,094029,1988,06,46.0,Y
IDCJAC0001,094029,1988,07,71.0,Y
IDCJAC0001,094029,1988,08,60.4,Y
IDCJAC0001,094029,1988,09,32.0,Y
IDCJAC0001,094029,1988,10,149.4,Y
IDCJAC0001,094029,1988,11,69.4,Y
IDCJAC0001,094029,1988,12,34.2,Y
IDCJAC0001,094029,1989,01,61.6,Y
IDCJAC0001,094029,1989,02,16.0,Y
IDCJAC0001,094029,1989,03,44.6,Y
IDCJAC0001,094029,1989,04,34.6,Y
IDCJAC0001,094029,1989,05,21.6,Y
IDCJAC0001,094029,1989,06,47.0,Y
IDCJAC0001,094029,1989,07,52.4,Y
IDCJAC0001,094029,1989,08,33.8,Y
IDCJAC0001,094029,1989,09,24.4,Y
IDCJAC0001,094029,1989,10,107.6,Y
IDCJAC0001,094029,1989,11,17.0,Y
IDCJAC0001,094029,1989,12,31.4,Y
IDCJAC0001,094029,1990,01,45.6,Y
IDCJAC0001,094029,1990,02,51.0,Y
IDCJAC0001,094029,1990,03,14.8,Y
IDCJAC0001,094029,1990,04,47.6,Y
IDCJAC0001,094029,1990,05,22.4,Y
IDCJAC0001,094029,1990,06,22.0,Y
IDCJAC0001,094029,1990,07,124.2,Y
IDCJAC0001,094029,1990,08,83.4,Y
IDCJAC0001,094029,1990,09,30.4,Y
IDCJAC0001,094029,1990,10,49.0,Y
IDCJAC0001,094029,1990,11,28.4,Y
IDCJAC0001,094029,1990,12,50.4,Y
IDCJAC0001,094029,1991,01,68.8,Y
IDCJAC0001,094029,1991,02,15.2,Y
IDCJAC0001,094029,1991,03,48.6,Y
IDCJAC0001,094029,1991,04,24.2,Y
IDCJAC0001,094029,1991,05,4.8,Y
IDCJAC0001,094029,1991,06,42.4,Y
IDCJAC0001,094029,1991,07,31.0,Y
IDCJAC0001,094029,1991,08,102.6,Y
IDCJAC0001,094029,1991,09,40.8,Y
IDCJAC0001,094029,1991,10,63.2,Y
IDCJAC0001,094029,1991,11,42.8,Y
IDCJAC0001,094029,1991,12,86.2,Y
IDCJAC0001,094029,1992,01,44.2,Y
IDCJAC0001,094029,1992,02,21.2,Y
IDCJAC0001,094029,1992,03,4.6,Y
IDCJAC0001,094029,1992,04,60.0,Y
IDCJAC0001,094029,1992,05,23.2,Y
IDCJAC0001,094029,1992,06,35.4,Y
IDCJAC0001,094029,1992,07,103.6,Y
IDCJAC0001,094029,1992,08,60.2,Y
IDCJAC0001,094029,1992,09,75.4,Y
IDCJAC0001,094029,1992,10,31.4,Y
IDCJAC0001,094029,1992,11,35.4,Y
IDCJAC0001,094029,1992,12,40.6,Y
IDCJAC0001,094029,1993,01,28.6,Y
IDCJAC0001,094029,1993,02,52.4,Y
IDCJAC0001,094029,1993,03,34.8,Y
IDCJAC0001,094029,1993,04,10.2,Y
IDCJAC0001,094029,1993,05,19.4,Y
IDCJAC0001,094029,1993,06,60.6,Y
IDCJAC0001,094029,1993,07,39.2,Y
IDCJAC0001,094029,1993,08,44.4,Y
IDCJAC0001,094029,1993,09,40.8,Y
IDCJAC0001,094029,1993,10,49.6,Y
IDCJAC0001,094029,1993,11,69.2,Y
IDCJAC0001,094029,1993,12,198.8,Y
IDCJAC0001,094029,1994,01,32.8,Y
IDCJAC0001,094029,1994,02,20.4,Y
IDCJAC0001,094029,1994,03,13.4,Y
IDCJAC0001,094029,1994,04,49.0,Y
IDCJAC0001,094029,1994,05,72.2,Y
IDCJAC0001,094029,1994,06,10.8,Y
IDCJAC0001,094029,1994,07,44.0,Y
IDCJAC0001,094029,1994,08,76.8,Y
IDCJAC0001,094029,1994,09,50.2,Y
IDCJAC0001,094029,1994,10,48.0,Y
IDCJAC0001,094029,1994,11,37.0,Y
IDCJAC0001,094029,1994,12,0.4,Y
IDCJAC0001,094029,1995,01,60.4,Y
IDCJAC0001,094029,1995,02,27.8,Y
IDCJAC0001,094029,1995,03,8.8,Y
IDCJAC0001,094029,1995,04,78.4,Y
IDCJAC0001,094029,1995,05,8.0,Y
IDCJAC0001,094029,1995,06,38.8,Y
IDCJAC0001,094029,1995,07,46.0,Y
IDCJAC0001,094029,1995,08,100.4,Y
IDCJAC0001,094029,1995,09,33.2,Y
IDCJAC0001,094029,1995,10,46.0,Y
IDCJAC0001,094029,1995,11,63.8,Y
IDCJAC0001,094029,1995,12,130.6,Y
IDCJAC0001,094029,1996,01,97.4,Y
IDCJAC0001,094029,1996,02,109.4,Y
IDCJAC0001,094029,1996,03,52.0,Y
IDCJAC0001,094029,1996,04,167.6,Y
IDCJAC0001,094029,1996,05,17.8,Y
IDCJAC0001,094029,1996,06,32.2,Y
IDCJAC0001,094029,1996,07,24.2,Y
IDCJAC0001,094029,1996,08,44.2,Y
IDCJAC0001,094029,1996,09,73.0,Y
IDCJAC0001,094029,1996,10,55.6,Y
IDCJAC0001,094029,1996,11,48.2,Y
IDCJAC0001,094029,1996,12,28.0,Y
IDCJAC0001,094029,1997,01,97.0,Y
IDCJAC0001,094029,1997,02,53.0,Y
IDCJAC0001,094029,1997,03,77.0,Y
IDCJAC0001,094029,1997,04,16.6,Y
IDCJAC0001,094029,1997,05,31.0,Y
IDCJAC0001,094029,1997,06,16.0,Y
IDCJAC0001,094029,1997,07,30.4,Y
IDCJAC0001,094029,1997,08,64.0,Y
IDCJAC0001,094029,1997,09,48.6,Y
IDCJAC0001,094029,1997,10,43.2,Y
IDCJAC0001,094029,1997,11,34.6,Y
IDCJAC0001,094029,1997,12,16.4,Y
IDCJAC0001,094029,1998,01,21.8,Y
IDCJAC0001,094029,1998,02,80.0,Y
IDCJAC0001,094029,1998,03,5.8,Y
IDCJAC0001,094029,1998,04,50.4,Y
IDCJAC0001,094029,1998,05,26.2,Y
IDCJAC0001,094029,1998,06,83.2,Y
IDCJAC0001,094029,1998,07,28.6,Y
IDCJAC0001,094029,1998,08,17.4,Y
IDCJAC0001,094029,1998,09,56.2,Y
IDCJAC0001,094029,1998,10,76.4,Y
IDCJAC0001,094029,1998,11,61.8,Y
IDCJAC0001,094029,1998,12,83.0,Y
IDCJAC0001,094029,1999,01,9.8,Y
IDCJAC0001,094029,1999,02,125.0,Y
IDCJAC0001,094029,1999,03,59.8,Y
IDCJAC0001,094029,1999,04,36.6,Y
IDCJAC0001,094029,1999,05,18.8,Y
IDCJAC0001,094029,1999,06,9.4,Y
IDCJAC0001,094029,1999,07,48.0,Y
IDCJAC0001,094029,1999,08,15.6,Y
IDCJAC0001,094029,1999,09,17.4,Y
IDCJAC0001,094029,1999,10,31.4,Y
IDCJAC0001,094029,1999,11,46.8,Y
IDCJAC0001,094029,1999,12,31.6,Y
IDCJAC0001,094029,2000,01,47.8,Y
IDCJAC0001,094029,2000,02,24.2,Y
IDCJAC0001,094029,2000,03,15.2,Y
IDCJAC0001,094029,2000,04,6.8,Y
IDCJAC0001,094029,2000,05,36.8,Y
IDCJAC0001,094029,2000,06,19.8,Y
IDCJAC0001,094029,2000,07,68.6,Y
IDCJAC0001,094029,2000,08,59.6,Y
IDCJAC0001,094029,2000,09,38.6,Y
IDCJAC0001,094029,2000,10,67.0,Y
IDCJAC0001,094029,2000,11,30.0,Y
IDCJAC0001,094029,2000,12,40.2,Y
IDCJAC0001,094029,2001,01,8.6,Y
IDCJAC0001,094029,2001,02,3.4,Y
IDCJAC0001,094029,2001,03,40.6,Y
IDCJAC0001,094029,2001,04,67.8,Y
IDCJAC0001,094029,2001,05,41.6,Y
IDCJAC0001,094029,2001,06,80.6,Y
IDCJAC0001,094029,2001,07,21.6,Y
IDCJAC0001,094029,2001,08,76.0,Y
IDCJAC0001,094029,2001,09,33.4,Y
IDCJAC0001,094029,2001,10,129.8,Y
IDCJAC0001,094029,2001,11,126.8,Y
IDCJAC0001,094029,2001,12,51.6,Y
IDCJAC0001,094029,2002,01,76.6,Y
IDCJAC0001,094029,2002,02,15.2,Y
IDCJAC0001,094029,2002,03,19.2,Y
IDCJAC0001,094029,2002,04,6.0,Y
IDCJAC0001,094029,2002,05,15.0,Y
IDCJAC0001,094029,2002,06,73.2,Y
IDCJAC0001,094029,2002,07,26.2,Y
IDCJAC0001,094029,2002,08,57.6,Y
IDCJAC0001,094029,2002,09,95.4,Y
IDCJAC0001,094029,2002,10,55.0,Y
IDCJAC0001,094029,2002,11,20.2,N
IDCJAC0001,094029,2002,12,5.8,Y
IDCJAC0001,094029,2003,01,11.4,Y
IDCJAC0001,094029,2003,02,9.6,Y
IDCJAC0001,094029,2003,03,119.6,Y
IDCJAC0001,094029,2003,04,44.4,Y
IDCJAC0001,094029,2003,05,58.4,Y
IDCJAC0001,094029,2003,06,66.6,Y
IDCJAC0001,094029,2003,07,37.4,Y
IDCJAC0001,094029,2003,08,104.0,Y
IDCJAC0001,094029,2003,09,127.0,Y
IDCJAC0001,094029,2003,10,19.6,Y
IDCJAC0001,094029,2003,11,1.6,Y
IDCJAC0001,094029,2003,12,43.2,Y
IDCJAC0001,094029,2004,01,76.6,Y
IDCJAC0001,094029,2004,02,15.6,Y
IDCJAC0001,094029,2004,03,30.0,Y
IDCJAC0001,094029,2004,04,58.6,Y
IDCJAC0001,094029,2004,05,45.2,Y
IDCJAC0001,094029,2004,06,67.4,Y
IDCJAC0001,094029,2004,07,64.4,Y
IDCJAC0001,094029,2004,08,87.4,Y
IDCJAC0001,094029,2004,09,32.6,Y
IDCJAC0001,094029,2004,10,26.0,Y
IDCJAC0001,094029,2004,11,56.4,Y
IDCJAC0001,094029,2004,12,19.2,Y
IDCJAC0001,094029,2005,01,25.2,Y
IDCJAC0001,094029,2005,02,88.2,Y
IDCJAC0001,094029,2005,03,22.6,Y
IDCJAC0001,094029,2005,04,35.6,Y
IDCJAC0001,094029,2005,05,38.8,Y
IDCJAC0001,094029,2005,06,40.6,Y
IDCJAC0001,094029,2005,07,33.4,Y
IDCJAC0001,094029,2005,08,45.2,Y
IDCJAC0001,094029,2005,09,119.0,Y
IDCJAC0001,094029,2005,10,87.4,Y
IDCJAC0001,094029,2005,11,59.2,Y
IDCJAC0001,094029,2005,12,75.0,Y
IDCJAC0001,094029,2006,01,35.2,Y
IDCJAC0001,094029,2006,02,21.6,Y
IDCJAC0001,094029,2006,03,19.0,Y
IDCJAC0001,094029,2006,04,45.2,Y
IDCJAC0001,094029,2006,05,45.6,Y
IDCJAC0001,094029,2006,06,6.6,Y
IDCJAC0001,094029,2006,07,38.4,Y
IDCJAC0001,094029,2006,08,5.8,Y
IDCJAC0001,094029,2006,09,43.8,Y
IDCJAC0001,094029,2006,10,33.0,Y
IDCJAC0001,094029,2006,11,27.0,Y
IDCJAC0001,094029,2006,12,25.4,Y
IDCJAC0001,094029,2007,01,121.4,Y
IDCJAC0001,094029,2007,02,24.2,Y
IDCJAC0001,094029,2007,03,24.2,Y
IDCJAC0001,094029,2007,04,26.2,Y
IDCJAC0001,094029,2007,05,31.2,Y
IDCJAC0001,094029,2007,06,29.6,Y
IDCJAC0001,094029,2007,07,36.8,Y
IDCJAC0001,094029,2007,08,59.0,Y
IDCJAC0001,094029,2007,09,62.8,Y
IDCJAC0001,094029,2007,10,44.0,Y
IDCJAC0001,094029,2007,11,7.0,Y
IDCJAC0001,094029,2007,12,83.4,Y
IDCJAC0001,094029,2008,01,2.8,Y
IDCJAC0001,094029,2008,02,64.8,Y
IDCJAC0001,094029,2008,03,30.8,Y
IDCJAC0001,094029,2008,04,19.6,Y
IDCJAC0001,094029,2008,05,6.0,Y
IDCJAC0001,094029,2008,06,37.2,Y
IDCJAC0001,094029,2008,07,48.4,Y
IDCJAC0001,094029,2008,08,38.6,Y
IDCJAC0001,094029,2008,09,26.8,Y
IDCJAC0001,094029,2008,10,19.6,Y
IDCJAC0001,094029,2008,11,73.4,Y
IDCJAC0001,094029,2008,12,39.2,Y
IDCJAC0001,094029,2009,01,10.0,Y
IDCJAC0001,094029,2009,02,59.2,Y
IDCJAC0001,094029,2009,03,70.0,Y
IDCJAC0001,094029,2009,04,63.8,Y
IDCJAC0001,094029,2009,05,53.2,Y
IDCJAC0001,094029,2009,06,144.0,Y
IDCJAC0001,094029,2009,07,40.2,Y
IDCJAC0001,094029,2009,08,98.4,Y
IDCJAC0001,094029,2009,09,132.8,Y
IDCJAC0001,094029,2009,10,64.6,Y
IDCJAC0001,094029,2009,11,70.2,Y
IDCJAC0001,094029,2009,12,58.6,Y
IDCJAC0001,094029,2010,01,14.4,Y
IDCJAC0001,094029,2010,02,34.8,Y
IDCJAC0001,094029,2010,03,30.4,Y
IDCJAC0001,094029,2010,04,18.2,Y
IDCJAC0001,094029,2010,05,26.6,Y
IDCJAC0001,094029,2010,06,12.4,Y
IDCJAC0001,094029,2010,07,7.4,Y
IDCJAC0001,094029,2010,08,114.0,Y
IDCJAC0001,094029,2010,09,93.4,Y
IDCJAC0001,094029,2010,10,46.2,Y
IDCJAC0001,094029,2010,11,95.2,Y
IDCJAC0001,094029,2010,12,31.0,N
IDCJAC0001,094029,2011,01,59.8,N
IDCJAC0001,094029,2011,02,54.4,N
IDCJAC0001,094029,2011,03,45.4,N
IDCJAC0001,094029,2011,04,125.2,N
IDCJAC0001,094029,2011,05,23.6,N
IDCJAC0001,094029,2011,06,64.4,N
IDCJAC0001,094029,2011,07,50.2,N
IDCJAC0001,094029,2011,08,53.2,N
IDCJAC0001,094029,2011,09,45.6,N
IDCJAC0001,094029,2011,10,61.2,N
IDCJAC0001,094029,2011,11,55.2,Y
IDCJAC0001,094029,2011,12,52.4,N
IDCJAC0001,094029,2012,01,56.0,N
IDCJAC0001,094029,2012,02,22.6,N
IDCJAC0001,094029,2012,03,30.8,N
IDCJAC0001,094029,2012,04,22.0,N
IDCJAC0001,094029,2012,05,92.2,N
IDCJAC0001,094029,2012,06,33.2,N
IDCJAC0001,094029,2012,07,18.2,N
IDCJAC0001,094029,2012,08,57.8,N
IDCJAC0001,094029,2012,09,68.0,N
IDCJAC0001,094029,2012,10,29.0,N
IDCJAC0001,094029,2012,11,24.8,N
IDCJAC0001,094029,2012,12,22.0,N
IDCJAC0001,094029,2013,01,11.4,N
IDCJAC0001,094029,2013,02,23.4,N
IDCJAC0001,094029,2013,03,48.6,N
IDCJAC0001,094029,2013,04,21.2,N
IDCJAC0001,094029,2013,05,23.0,N
IDCJAC0001,094029,2013,06,51.0,N
IDCJAC0001,094029,2013,07,101.4,Y
IDCJAC0001,094029,2013,08,61.0,N
IDCJAC0001,094029,2013,09,40.0,N
IDCJAC0001,094029,2013,10,106.6,N
IDCJAC0001,094029,2013,11,94.0,N
IDCJAC0001,094029,2013,12,28.2,N
IDCJAC0001,094029,2014,01,16.2,N
IDCJAC0001,094029,2014,02,27.6,N
IDCJAC0001,094029,2014,03,23.4,N
IDCJAC0001,094029,2014,04,42.0,N
IDCJAC0001,094029,2014,05,30.6,N
IDCJAC0001,094029,2014,06,20.6,Y
IDCJAC0001,094029,2014,07,95.8,N
IDCJAC0001,094029,2014,08,46.2,N
IDCJAC0001,094029,2014,09,19.4,N
IDCJAC0001,094029,2014,10,49.6,N
IDCJAC0001,094029,2014,11,34.8,N
IDCJAC0001,094029,2014,12,78.0,N
IDCJAC0001,094029,2015,01,121.6,N
IDCJAC0001,094029,2015,02,21.6,N
IDCJAC0001,094029,2015,03,51.2,N
IDCJAC0001,094029,2015,04,12.4,Y
IDCJAC0001,094029,2015,05,75.8,N
IDCJAC0001,094029,2015,06,44.2,N
IDCJAC0001,094029,2015,07,23.0,N
IDCJAC0001,094029,2015,08,63.8,N
IDCJAC0001,094029,2015,09,25.0,N
IDCJAC0001,094029,2015,10,14.4,N
IDCJAC0001,094029,2015,11,40.4,N
IDCJAC0001,094029,2015,12,35.0,N
IDCJAC0001,094029,2016,01,40.2,Y
IDCJAC0001,094029,2016,02,21.8,N
IDCJAC0001,094029,2016,03,17.0,N
IDCJAC0001,094029,2016,04,8.8,N
IDCJAC0001,094029,2016,05,96.0,N
IDCJAC0001,094029,2016,06,115.4,N
IDCJAC0001,094029,2016,07,79.2,Y
IDCJAC0001,094029,2016,08,15.8,Y
IDCJAC0001,094029,2016,09,94.2,N
IDCJAC0001,094029,2016,10,83.4,N
IDCJAC0001,094029,2016,11,65.2,N
IDCJAC0001,094029,2016,12,56.6,N
IDCJAC0001,094029,2017,01,60.0,N
IDCJAC0001,094029,2017,02,10.4,N
IDCJAC0001,094029,2017,03,37.0,N
IDCJAC0001,094029,2017,04,21.6,N
IDCJAC0001,094029,2017,05,28.4,N
IDCJAC0001,094029,2017,06,6.6,N
IDCJAC0001,094029,2017,07,37.2,Y
IDCJAC0001,094029,2017,08,65.0,N
IDCJAC0001,094029,2017,09,46.2,N
IDCJAC0001,094029,2017,10,33.4,N
IDCJAC0001,094029,2017,11,46.4,N
IDCJAC0001,094029,2017,12,101.0,N
IDCJAC0001,094029,2018,01,22.2,N
IDCJAC0001,094029,2018,02,35.2,N
IDCJAC0001,094029,2018,03,38.6,N
IDCJAC0001,094029,2018,04,30.0,N
IDCJAC0001,094029,2018,05,146.2,N
IDCJAC0001,094029,2018,06,34.2,N
IDCJAC0001,094029,2018,07,55.2,N
IDCJAC0001,094029,2018,08,53.4,N
IDCJAC0001,094029,2018,09,17.4,N
IDCJAC0001,094029,2018,10,30.2,N
IDCJAC0001,094029,2018,11,61.6,N
IDCJAC0001,094029,2018,12,61.0,N
IDCJAC0001,094029,2019,01,0.4,N
IDCJAC0001,094029,2019,02,35.4,N
IDCJAC0001,094029,2019,03,18.2,Y
IDCJAC0001,094029,2019,04,32.4,N
IDCJAC0001,094029,2019,05,23.4,N
IDCJAC0001,094029,2019,06,19.4,N
IDCJAC0001,094029,2019,07,46.6,N
IDCJAC0001,094029,2019,08,100.2,Y
IDCJAC0001,094029,2019,09,34.6,N
IDCJAC0001,094029,2019,10,17.6,N
IDCJAC0001,094029,2019,11,40.8,N
IDCJAC0001,094029,2019,12,16.0,N
IDCJAC0001,094029,2020,01,33.6,N
IDCJAC0001,094029,2020,02,15.8,N
IDCJAC0001,094029,2020,03,72.0,N
IDCJAC0001,094029,2020,04,78.0,N
IDCJAC0001,094029,2020,05,15.8,N
IDCJAC0001,094029,2020,06,84.2,N
IDCJAC0001,094029,2020,07,11.6,N
IDCJAC0001,094029,2020,08,103.8,N
IDCJAC0001,094029,2020,09,35.0,N
IDCJAC0001,094029,2020,10,122.0,N
IDCJAC0001,094029,2020,11,12.2,N
IDCJAC0001,094029,2020,12,72.2,N
IDCJAC0001,094029,2021,01,28.8,N
IDCJAC0001,094029,2021,02,52.0,N
IDCJAC0001,094029,2021,03,59.6,N
IDCJAC0001,094029,2021,04,23.8,N
IDCJAC0001,094029,2021,06,59.8,N
IDCJAC0001,094029,2021,07,14.2,N
IDCJAC0001,094029,2021,08,50.6,N
IDCJAC0001,094029,2021,09,71.6,N
IDCJAC0001,094029,2021,10,160.4,N
IDCJAC0001,094029,2021,11,90.0,N
IDCJAC0001,094029,2021,12,40.8,N
IDCJAC0001,094029,2022,01,54.4,N
IDCJAC0001,094029,2022,02,5.4,N
IDCJAC0001,094029,2022,03,30.6,N
IDCJAC0001,094029,2022,04,21.0,N
IDCJAC0001,094029,2022,05,134.6,N
IDCJAC0001,094029,2022,06,58.2,N
IDCJAC0001,094029,2022,07,25.4,N
